nama_prov;value_prov;variable_kab;nama_kab;value_kab;kab
ACEH;11;KODE_KAB;SIMEULUE;1101;1
ACEH;11;KODE_KAB;ACEH SINGKIL;1102;2
ACEH;11;KODE_KAB;ACEH SELATAN;1103;3
ACEH;11;KODE_KAB;ACEH TENGGARA;1104;4
ACEH;11;KODE_KAB;ACEH TIMUR;1105;5
ACEH;11;KODE_KAB;ACEH TENGAH;1106;6
ACEH;11;KODE_KAB;ACEH BARAT;1107;7
ACEH;11;KODE_KAB;ACEH BESAR;1108;8
ACEH;11;KODE_KAB;PIDIE;1109;9
ACEH;11;KODE_KAB;BIREUEN;1110;10
ACEH;11;KODE_KAB;ACEH UTARA;1111;11
ACEH;11;KODE_KAB;ACEH BARAT DAYA;1112;12
ACEH;11;KODE_KAB;GAYO LUES;1113;13
ACEH;11;KODE_KAB;ACEH TAMIANG;1114;14
ACEH;11;KODE_KAB;NAGAN RAYA;1115;15
ACEH;11;KODE_KAB;ACEH JAYA;1116;16
ACEH;11;KODE_KAB;BENER MERIAH;1117;17
ACEH;11;KODE_KAB;PIDIE JAYA;1118;18
ACEH;11;KODE_KAB;BANDA ACEH;1171;71
ACEH;11;KODE_KAB;SABANG;1172;72
ACEH;11;KODE_KAB;LANGSA;1173;73
ACEH;11;KODE_KAB;LHOKSEUMAWE;1174;74
ACEH;11;KODE_KAB;SUBULUSSALAM;1175;75
SUMATERA UTARA;12;KODE_KAB;NIAS;1201;1
SUMATERA UTARA;12;KODE_KAB;MANDAILING NATAL;1202;2
SUMATERA UTARA;12;KODE_KAB;TAPANULI SELATAN;1203;3
SUMATERA UTARA;12;KODE_KAB;TAPANULI TENGAH;1204;4
SUMATERA UTARA;12;KODE_KAB;TAPANULI UTARA;1205;5
SUMATERA UTARA;12;KODE_KAB;TOBA SAMOSIR;1206;6
SUMATERA UTARA;12;KODE_KAB;LABUHAN BATU;1207;7
SUMATERA UTARA;12;KODE_KAB;ASAHAN;1208;8
SUMATERA UTARA;12;KODE_KAB;SIMALUNGUN;1209;9
SUMATERA UTARA;12;KODE_KAB;DAIRI;1210;10
SUMATERA UTARA;12;KODE_KAB;KARO;1211;11
SUMATERA UTARA;12;KODE_KAB;DELI SERDANG;1212;12
SUMATERA UTARA;12;KODE_KAB;LANGKAT;1213;13
SUMATERA UTARA;12;KODE_KAB;NIAS SELATAN;1214;14
SUMATERA UTARA;12;KODE_KAB;HUMBANG HASUNDUTAN;1215;15
SUMATERA UTARA;12;KODE_KAB;PAKPAK BHARAT;1216;16
SUMATERA UTARA;12;KODE_KAB;SAMOSIR;1217;17
SUMATERA UTARA;12;KODE_KAB;SERDANG BEDAGAI;1218;18
SUMATERA UTARA;12;KODE_KAB;BATU BARA;1219;19
SUMATERA UTARA;12;KODE_KAB;PADANG LAWAS UTARA;1220;20
SUMATERA UTARA;12;KODE_KAB;PADANG LAWAS;1221;21
SUMATERA UTARA;12;KODE_KAB;LABUHAN BATU SELATAN;1222;22
SUMATERA UTARA;12;KODE_KAB;LABUHAN BATU UTARA;1223;23
SUMATERA UTARA;12;KODE_KAB;NIAS UTARA;1224;24
SUMATERA UTARA;12;KODE_KAB;NIAS BARAT;1225;25
SUMATERA UTARA;12;KODE_KAB;SIBOLGA;1271;71
SUMATERA UTARA;12;KODE_KAB;TANJUNG BALAI;1272;72
SUMATERA UTARA;12;KODE_KAB;PEMATANG SIANTAR;1273;73
SUMATERA UTARA;12;KODE_KAB;TEBING TINGGI;1274;74
SUMATERA UTARA;12;KODE_KAB;MEDAN;1275;75
SUMATERA UTARA;12;KODE_KAB;BINJAI;1276;76
SUMATERA UTARA;12;KODE_KAB;PADANGSIDIMPUAN;1277;77
SUMATERA UTARA;12;KODE_KAB;GUNUNGSITOLI;1278;78
SUMATERA BARAT;13;KODE_KAB;KEPULAUAN MENTAWAI;1301;1
SUMATERA BARAT;13;KODE_KAB;PESISIR SELATAN;1302;2
SUMATERA BARAT;13;KODE_KAB;SOLOK;1303;3
SUMATERA BARAT;13;KODE_KAB;SIJUNJUNG;1304;4
SUMATERA BARAT;13;KODE_KAB;TANAH DATAR;1305;5
SUMATERA BARAT;13;KODE_KAB;PADANG PARIAMAN;1306;6
SUMATERA BARAT;13;KODE_KAB;AGAM;1307;7
SUMATERA BARAT;13;KODE_KAB;LIMA PULUH KOTA;1308;8
SUMATERA BARAT;13;KODE_KAB;PASAMAN;1309;9
SUMATERA BARAT;13;KODE_KAB;SOLOK SELATAN;1310;10
SUMATERA BARAT;13;KODE_KAB;DHARMASRAYA;1311;11
SUMATERA BARAT;13;KODE_KAB;PASAMAN BARAT;1312;12
SUMATERA BARAT;13;KODE_KAB;PADANG;1371;71
SUMATERA BARAT;13;KODE_KAB;SOLOK;1372;72
SUMATERA BARAT;13;KODE_KAB;SAWAH LUNTO;1373;73
SUMATERA BARAT;13;KODE_KAB;PADANG PANJANG;1374;74
SUMATERA BARAT;13;KODE_KAB;BUKITTINGGI;1375;75
SUMATERA BARAT;13;KODE_KAB;PAYAKUMBUH;1376;76
SUMATERA BARAT;13;KODE_KAB;PARIAMAN;1377;77
RIAU;14;KODE_KAB;KUANTAN SINGINGI;1401;1
RIAU;14;KODE_KAB;INDRAGIRI HULU;1402;2
RIAU;14;KODE_KAB;INDRAGIRI HILIR;1403;3
RIAU;14;KODE_KAB;PELALAWAN;1404;4
RIAU;14;KODE_KAB;S I A K;1405;5
RIAU;14;KODE_KAB;KAMPAR;1406;6
RIAU;14;KODE_KAB;ROKAN HULU;1407;7
RIAU;14;KODE_KAB;BENGKALIS;1408;8
RIAU;14;KODE_KAB;ROKAN HILIR;1409;9
RIAU;14;KODE_KAB;KEPULAUAN MERANTI;1410;10
RIAU;14;KODE_KAB;PEKANBARU;1471;71
RIAU;14;KODE_KAB;D U M A I;1473;73
JAMBI;15;KODE_KAB;KERINCI;1501;1
JAMBI;15;KODE_KAB;MERANGIN;1502;2
JAMBI;15;KODE_KAB;SAROLANGUN;1503;3
JAMBI;15;KODE_KAB;BATANG HARI;1504;4
JAMBI;15;KODE_KAB;MUARO JAMBI;1505;5
JAMBI;15;KODE_KAB;TANJUNG JABUNG TIMUR;1506;6
JAMBI;15;KODE_KAB;TANJUNG JABUNG BARAT;1507;7
JAMBI;15;KODE_KAB;TEBO;1508;8
JAMBI;15;KODE_KAB;BUNGO;1509;9
JAMBI;15;KODE_KAB;JAMBI;1571;71
JAMBI;15;KODE_KAB;SUNGAI PENUH;1572;72
SUMATERA SELATAN;16;KODE_KAB;OGAN KOMERING ULU;1601;1
SUMATERA SELATAN;16;KODE_KAB;OGAN KOMERING ILIR;1602;2
SUMATERA SELATAN;16;KODE_KAB;MUARA ENIM;1603;3
SUMATERA SELATAN;16;KODE_KAB;LAHAT;1604;4
SUMATERA SELATAN;16;KODE_KAB;MUSI RAWAS;1605;5
SUMATERA SELATAN;16;KODE_KAB;MUSI BANYUASIN;1606;6
SUMATERA SELATAN;16;KODE_KAB;BANYU ASIN;1607;7
SUMATERA SELATAN;16;KODE_KAB;OGAN KOMERING ULU SELATAN;1608;8
SUMATERA SELATAN;16;KODE_KAB;OGAN KOMERING ULU TIMUR;1609;9
SUMATERA SELATAN;16;KODE_KAB;OGAN ILIR;1610;10
SUMATERA SELATAN;16;KODE_KAB;EMPAT LAWANG;1611;11
SUMATERA SELATAN;16;KODE_KAB;PENUKAL ABAB LEMATANG ILIR;1612;12
SUMATERA SELATAN;16;KODE_KAB;MUSI RAWAS UTARA;1613;13
SUMATERA SELATAN;16;KODE_KAB;PALEMBANG;1671;71
SUMATERA SELATAN;16;KODE_KAB;PRABUMULIH;1672;72
SUMATERA SELATAN;16;KODE_KAB;PAGAR ALAM;1673;73
SUMATERA SELATAN;16;KODE_KAB;LUBUKLINGGAU;1674;74
BENGKULU;17;KODE_KAB;BENGKULU SELATAN;1701;1
BENGKULU;17;KODE_KAB;REJANG LEBONG;1702;2
BENGKULU;17;KODE_KAB;BENGKULU UTARA;1703;3
BENGKULU;17;KODE_KAB;KAUR;1704;4
BENGKULU;17;KODE_KAB;SELUMA;1705;5
BENGKULU;17;KODE_KAB;MUKOMUKO;1706;6
BENGKULU;17;KODE_KAB;LEBONG;1707;7
BENGKULU;17;KODE_KAB;KEPAHIANG;1708;8
BENGKULU;17;KODE_KAB;BENGKULU TENGAH;1709;9
BENGKULU;17;KODE_KAB;BENGKULU;1771;71
LAMPUNG;18;KODE_KAB;LAMPUNG BARAT;1801;1
LAMPUNG;18;KODE_KAB;TANGGAMUS;1802;2
LAMPUNG;18;KODE_KAB;LAMPUNG SELATAN;1803;3
LAMPUNG;18;KODE_KAB;LAMPUNG TIMUR;1804;4
LAMPUNG;18;KODE_KAB;LAMPUNG TENGAH;1805;5
LAMPUNG;18;KODE_KAB;LAMPUNG UTARA;1806;6
LAMPUNG;18;KODE_KAB;WAY KANAN;1807;7
LAMPUNG;18;KODE_KAB;TULANGBAWANG;1808;8
LAMPUNG;18;KODE_KAB;PESAWARAN;1809;9
LAMPUNG;18;KODE_KAB;PRINGSEWU;1810;10
LAMPUNG;18;KODE_KAB;MESUJI;1811;11
LAMPUNG;18;KODE_KAB;TULANG BAWANG BARAT;1812;12
LAMPUNG;18;KODE_KAB;PESISIR BARAT;1813;13
LAMPUNG;18;KODE_KAB;BANDAR LAMPUNG;1871;71
LAMPUNG;18;KODE_KAB;METRO;1872;72
KEPULAUAN BANGKA BELITUNG;19;KODE_KAB;BANGKA;1901;1
KEPULAUAN BANGKA BELITUNG;19;KODE_KAB;BELITUNG;1902;2
KEPULAUAN BANGKA BELITUNG;19;KODE_KAB;BANGKA BARAT;1903;3
KEPULAUAN BANGKA BELITUNG;19;KODE_KAB;BANGKA TENGAH;1904;4
KEPULAUAN BANGKA BELITUNG;19;KODE_KAB;BANGKA SELATAN;1905;5
KEPULAUAN BANGKA BELITUNG;19;KODE_KAB;BELITUNG TIMUR;1906;6
KEPULAUAN BANGKA BELITUNG;19;KODE_KAB;PANGKAL PINANG;1971;71
KEPULAUAN RIAU;21;KODE_KAB;KARIMUN;2101;1
KEPULAUAN RIAU;21;KODE_KAB;BINTAN;2102;2
KEPULAUAN RIAU;21;KODE_KAB;NATUNA;2103;3
KEPULAUAN RIAU;21;KODE_KAB;LINGGA;2104;4
KEPULAUAN RIAU;21;KODE_KAB;KEPULAUAN ANAMBAS;2105;5
KEPULAUAN RIAU;21;KODE_KAB;B A T A M;2171;71
KEPULAUAN RIAU;21;KODE_KAB;TANJUNG PINANG;2172;72
DKI JAKARTA;31;KODE_KAB;KEPULAUAN SERIBU;3101;1
DKI JAKARTA;31;KODE_KAB;JAKARTA SELATAN;3171;71
DKI JAKARTA;31;KODE_KAB;JAKARTA TIMUR;3172;72
DKI JAKARTA;31;KODE_KAB;JAKARTA PUSAT;3173;73
DKI JAKARTA;31;KODE_KAB;JAKARTA BARAT;3174;74
DKI JAKARTA;31;KODE_KAB;JAKARTA UTARA;3175;75
JAWA BARAT;32;KODE_KAB;BOGOR;3201;1
JAWA BARAT;32;KODE_KAB;SUKABUMI;3202;2
JAWA BARAT;32;KODE_KAB;CIANJUR;3203;3
JAWA BARAT;32;KODE_KAB;BANDUNG;3204;4
JAWA BARAT;32;KODE_KAB;GARUT;3205;5
JAWA BARAT;32;KODE_KAB;TASIKMALAYA;3206;6
JAWA BARAT;32;KODE_KAB;CIAMIS;3207;7
JAWA BARAT;32;KODE_KAB;KUNINGAN;3208;8
JAWA BARAT;32;KODE_KAB;CIREBON;3209;9
JAWA BARAT;32;KODE_KAB;MAJALENGKA;3210;10
JAWA BARAT;32;KODE_KAB;SUMEDANG;3211;11
JAWA BARAT;32;KODE_KAB;INDRAMAYU;3212;12
JAWA BARAT;32;KODE_KAB;SUBANG;3213;13
JAWA BARAT;32;KODE_KAB;PURWAKARTA;3214;14
JAWA BARAT;32;KODE_KAB;KARAWANG;3215;15
JAWA BARAT;32;KODE_KAB;BEKASI;3216;16
JAWA BARAT;32;KODE_KAB;BANDUNG BARAT;3217;17
JAWA BARAT;32;KODE_KAB;PANGANDARAN;3218;18
JAWA BARAT;32;KODE_KAB;BOGOR;3271;71
JAWA BARAT;32;KODE_KAB;SUKABUMI;3272;72
JAWA BARAT;32;KODE_KAB;BANDUNG;3273;73
JAWA BARAT;32;KODE_KAB;CIREBON;3274;74
JAWA BARAT;32;KODE_KAB;BEKASI;3275;75
JAWA BARAT;32;KODE_KAB;DEPOK;3276;76
JAWA BARAT;32;KODE_KAB;CIMAHI;3277;77
JAWA BARAT;32;KODE_KAB;TASIKMALAYA;3278;78
JAWA BARAT;32;KODE_KAB;BANJAR;3279;79
JAWA TENGAH;33;KODE_KAB;CILACAP;3301;1
JAWA TENGAH;33;KODE_KAB;BANYUMAS;3302;2
JAWA TENGAH;33;KODE_KAB;PURBALINGGA;3303;3
JAWA TENGAH;33;KODE_KAB;BANJARNEGARA;3304;4
JAWA TENGAH;33;KODE_KAB;KEBUMEN;3305;5
JAWA TENGAH;33;KODE_KAB;PURWOREJO;3306;6
JAWA TENGAH;33;KODE_KAB;WONOSOBO;3307;7
JAWA TENGAH;33;KODE_KAB;MAGELANG;3308;8
JAWA TENGAH;33;KODE_KAB;BOYOLALI;3309;9
JAWA TENGAH;33;KODE_KAB;KLATEN;3310;10
JAWA TENGAH;33;KODE_KAB;SUKOHARJO;3311;11
JAWA TENGAH;33;KODE_KAB;WONOGIRI;3312;12
JAWA TENGAH;33;KODE_KAB;KARANGANYAR;3313;13
JAWA TENGAH;33;KODE_KAB;SRAGEN;3314;14
JAWA TENGAH;33;KODE_KAB;GROBOGAN;3315;15
JAWA TENGAH;33;KODE_KAB;BLORA;3316;16
JAWA TENGAH;33;KODE_KAB;REMBANG;3317;17
JAWA TENGAH;33;KODE_KAB;PATI;3318;18
JAWA TENGAH;33;KODE_KAB;KUDUS;3319;19
JAWA TENGAH;33;KODE_KAB;JEPARA;3320;20
JAWA TENGAH;33;KODE_KAB;DEMAK;3321;21
JAWA TENGAH;33;KODE_KAB;SEMARANG;3322;22
JAWA TENGAH;33;KODE_KAB;TEMANGGUNG;3323;23
JAWA TENGAH;33;KODE_KAB;KENDAL;3324;24
JAWA TENGAH;33;KODE_KAB;BATANG;3325;25
JAWA TENGAH;33;KODE_KAB;PEKALONGAN;3326;26
JAWA TENGAH;33;KODE_KAB;PEMALANG;3327;27
JAWA TENGAH;33;KODE_KAB;TEGAL;3328;28
JAWA TENGAH;33;KODE_KAB;BREBES;3329;29
JAWA TENGAH;33;KODE_KAB;MAGELANG;3371;71
JAWA TENGAH;33;KODE_KAB;SURAKARTA;3372;72
JAWA TENGAH;33;KODE_KAB;SALATIGA;3373;73
JAWA TENGAH;33;KODE_KAB;SEMARANG;3374;74
JAWA TENGAH;33;KODE_KAB;PEKALONGAN;3375;75
JAWA TENGAH;33;KODE_KAB;TEGAL;3376;76
DI YOGYAKARTA;34;KODE_KAB;KULON PROGO;3401;1
DI YOGYAKARTA;34;KODE_KAB;BANTUL;3402;2
DI YOGYAKARTA;34;KODE_KAB;GUNUNG KIDUL;3403;3
DI YOGYAKARTA;34;KODE_KAB;SLEMAN;3404;4
DI YOGYAKARTA;34;KODE_KAB;YOGYAKARTA;3471;71
JAWA TIMUR;35;KODE_KAB;PACITAN;3501;1
JAWA TIMUR;35;KODE_KAB;PONOROGO;3502;2
JAWA TIMUR;35;KODE_KAB;TRENGGALEK;3503;3
JAWA TIMUR;35;KODE_KAB;TULUNGAGUNG;3504;4
JAWA TIMUR;35;KODE_KAB;BLITAR;3505;5
JAWA TIMUR;35;KODE_KAB;KEDIRI;3506;6
JAWA TIMUR;35;KODE_KAB;MALANG;3507;7
JAWA TIMUR;35;KODE_KAB;LUMAJANG;3508;8
JAWA TIMUR;35;KODE_KAB;JEMBER;3509;9
JAWA TIMUR;35;KODE_KAB;BANYUWANGI;3510;10
JAWA TIMUR;35;KODE_KAB;BONDOWOSO;3511;11
JAWA TIMUR;35;KODE_KAB;SITUBONDO;3512;12
JAWA TIMUR;35;KODE_KAB;PROBOLINGGO;3513;13
JAWA TIMUR;35;KODE_KAB;PASURUAN;3514;14
JAWA TIMUR;35;KODE_KAB;SIDOARJO;3515;15
JAWA TIMUR;35;KODE_KAB;MOJOKERTO;3516;16
JAWA TIMUR;35;KODE_KAB;JOMBANG;3517;17
JAWA TIMUR;35;KODE_KAB;NGANJUK;3518;18
JAWA TIMUR;35;KODE_KAB;MADIUN;3519;19
JAWA TIMUR;35;KODE_KAB;MAGETAN;3520;20
JAWA TIMUR;35;KODE_KAB;NGAWI;3521;21
JAWA TIMUR;35;KODE_KAB;BOJONEGORO;3522;22
JAWA TIMUR;35;KODE_KAB;TUBAN;3523;23
JAWA TIMUR;35;KODE_KAB;LAMONGAN;3524;24
JAWA TIMUR;35;KODE_KAB;GRESIK;3525;25
JAWA TIMUR;35;KODE_KAB;BANGKALAN;3526;26
JAWA TIMUR;35;KODE_KAB;SAMPANG;3527;27
JAWA TIMUR;35;KODE_KAB;PAMEKASAN;3528;28
JAWA TIMUR;35;KODE_KAB;SUMENEP;3529;29
JAWA TIMUR;35;KODE_KAB;KEDIRI;3571;71
JAWA TIMUR;35;KODE_KAB;BLITAR;3572;72
JAWA TIMUR;35;KODE_KAB;MALANG;3573;73
JAWA TIMUR;35;KODE_KAB;PROBOLINGGO;3574;74
JAWA TIMUR;35;KODE_KAB;PASURUAN;3575;75
JAWA TIMUR;35;KODE_KAB;MOJOKERTO;3576;76
JAWA TIMUR;35;KODE_KAB;MADIUN;3577;77
JAWA TIMUR;35;KODE_KAB;SURABAYA;3578;78
JAWA TIMUR;35;KODE_KAB;BATU;3579;79
BANTEN;36;KODE_KAB;PANDEGLANG;3601;1
BANTEN;36;KODE_KAB;LEBAK;3602;2
BANTEN;36;KODE_KAB;TANGERANG;3603;3
BANTEN;36;KODE_KAB;SERANG;3604;4
BANTEN;36;KODE_KAB;TANGERANG;3671;71
BANTEN;36;KODE_KAB;CILEGON;3672;72
BANTEN;36;KODE_KAB;SERANG;3673;73
BANTEN;36;KODE_KAB;TANGERANG SELATAN;3674;74
BALI;51;KODE_KAB;JEMBRANA;5101;1
BALI;51;KODE_KAB;TABANAN;5102;2
BALI;51;KODE_KAB;BADUNG;5103;3
BALI;51;KODE_KAB;GIANYAR;5104;4
BALI;51;KODE_KAB;KLUNGKUNG;5105;5
BALI;51;KODE_KAB;BANGLI;5106;6
BALI;51;KODE_KAB;KARANGASEM;5107;7
BALI;51;KODE_KAB;BULELENG;5108;8
BALI;51;KODE_KAB;DENPASAR;5171;71
NUSA TENGGARA BARAT;52;KODE_KAB;LOMBOK BARAT;5201;1
NUSA TENGGARA BARAT;52;KODE_KAB;LOMBOK TENGAH;5202;2
NUSA TENGGARA BARAT;52;KODE_KAB;LOMBOK TIMUR;5203;3
NUSA TENGGARA BARAT;52;KODE_KAB;SUMBAWA;5204;4
NUSA TENGGARA BARAT;52;KODE_KAB;DOMPU;5205;5
NUSA TENGGARA BARAT;52;KODE_KAB;BIMA;5206;6
NUSA TENGGARA BARAT;52;KODE_KAB;SUMBAWA BARAT;5207;7
NUSA TENGGARA BARAT;52;KODE_KAB;LOMBOK UTARA;5208;8
NUSA TENGGARA BARAT;52;KODE_KAB;MATARAM;5271;71
NUSA TENGGARA BARAT;52;KODE_KAB;BIMA;5272;72
NUSA TENGGARA TIMUR;53;KODE_KAB;SUMBA BARAT;5301;1
NUSA TENGGARA TIMUR;53;KODE_KAB;SUMBA TIMUR;5302;2
NUSA TENGGARA TIMUR;53;KODE_KAB;KUPANG;5303;3
NUSA TENGGARA TIMUR;53;KODE_KAB;TIMOR TENGAH SELATAN;5304;4
NUSA TENGGARA TIMUR;53;KODE_KAB;TIMOR TENGAH UTARA;5305;5
NUSA TENGGARA TIMUR;53;KODE_KAB;BELU;5306;6
NUSA TENGGARA TIMUR;53;KODE_KAB;ALOR;5307;7
NUSA TENGGARA TIMUR;53;KODE_KAB;LEMBATA;5308;8
NUSA TENGGARA TIMUR;53;KODE_KAB;FLORES TIMUR;5309;9
NUSA TENGGARA TIMUR;53;KODE_KAB;SIKKA;5310;10
NUSA TENGGARA TIMUR;53;KODE_KAB;ENDE;5311;11
NUSA TENGGARA TIMUR;53;KODE_KAB;NGADA;5312;12
NUSA TENGGARA TIMUR;53;KODE_KAB;MANGGARAI;5313;13
NUSA TENGGARA TIMUR;53;KODE_KAB;ROTE NDAO;5314;14
NUSA TENGGARA TIMUR;53;KODE_KAB;MANGGARAI BARAT;5315;15
NUSA TENGGARA TIMUR;53;KODE_KAB;SUMBA TENGAH;5316;16
NUSA TENGGARA TIMUR;53;KODE_KAB;SUMBA BARAT DAYA;5317;17
NUSA TENGGARA TIMUR;53;KODE_KAB;NAGEKEO;5318;18
NUSA TENGGARA TIMUR;53;KODE_KAB;MANGGARAI TIMUR;5319;19
NUSA TENGGARA TIMUR;53;KODE_KAB;SABU RAIJUA;5320;20
NUSA TENGGARA TIMUR;53;KODE_KAB;MALAKA;5321;21
NUSA TENGGARA TIMUR;53;KODE_KAB;KUPANG;5371;71
KALIMANTAN BARAT;61;KODE_KAB;SAMBAS;6101;1
KALIMANTAN BARAT;61;KODE_KAB;BENGKAYANG;6102;2
KALIMANTAN BARAT;61;KODE_KAB;LANDAK;6103;3
KALIMANTAN BARAT;61;KODE_KAB;MEMPAWAH;6104;4
KALIMANTAN BARAT;61;KODE_KAB;SANGGAU;6105;5
KALIMANTAN BARAT;61;KODE_KAB;KETAPANG;6106;6
KALIMANTAN BARAT;61;KODE_KAB;SINTANG;6107;7
KALIMANTAN BARAT;61;KODE_KAB;KAPUAS HULU;6108;8
KALIMANTAN BARAT;61;KODE_KAB;SEKADAU;6109;9
KALIMANTAN BARAT;61;KODE_KAB;MELAWI;6110;10
KALIMANTAN BARAT;61;KODE_KAB;KAYONG UTARA;6111;11
KALIMANTAN BARAT;61;KODE_KAB;KUBU RAYA;6112;12
KALIMANTAN BARAT;61;KODE_KAB;PONTIANAK;6171;71
KALIMANTAN BARAT;61;KODE_KAB;SINGKAWANG;6172;72
KALIMANTAN TENGAH;62;KODE_KAB;KOTAWARINGIN BARAT;6201;1
KALIMANTAN TENGAH;62;KODE_KAB;KOTAWARINGIN TIMUR;6202;2
KALIMANTAN TENGAH;62;KODE_KAB;KAPUAS;6203;3
KALIMANTAN TENGAH;62;KODE_KAB;BARITO SELATAN;6204;4
KALIMANTAN TENGAH;62;KODE_KAB;BARITO UTARA;6205;5
KALIMANTAN TENGAH;62;KODE_KAB;SUKAMARA;6206;6
KALIMANTAN TENGAH;62;KODE_KAB;LAMANDAU;6207;7
KALIMANTAN TENGAH;62;KODE_KAB;SERUYAN;6208;8
KALIMANTAN TENGAH;62;KODE_KAB;KATINGAN;6209;9
KALIMANTAN TENGAH;62;KODE_KAB;PULANG PISAU;6210;10
KALIMANTAN TENGAH;62;KODE_KAB;GUNUNG MAS;6211;11
KALIMANTAN TENGAH;62;KODE_KAB;BARITO TIMUR;6212;12
KALIMANTAN TENGAH;62;KODE_KAB;MURUNG RAYA;6213;13
KALIMANTAN TENGAH;62;KODE_KAB;PALANGKA RAYA;6271;71
KALIMANTAN SELATAN;63;KODE_KAB;TANAH LAUT;6301;1
KALIMANTAN SELATAN;63;KODE_KAB;KOTABARU;6302;2
KALIMANTAN SELATAN;63;KODE_KAB;BANJAR;6303;3
KALIMANTAN SELATAN;63;KODE_KAB;BARITO KUALA;6304;4
KALIMANTAN SELATAN;63;KODE_KAB;TAPIN;6305;5
KALIMANTAN SELATAN;63;KODE_KAB;HULU SUNGAI SELATAN;6306;6
KALIMANTAN SELATAN;63;KODE_KAB;HULU SUNGAI TENGAH;6307;7
KALIMANTAN SELATAN;63;KODE_KAB;HULU SUNGAI UTARA;6308;8
KALIMANTAN SELATAN;63;KODE_KAB;TABALONG;6309;9
KALIMANTAN SELATAN;63;KODE_KAB;TANAH BUMBU;6310;10
KALIMANTAN SELATAN;63;KODE_KAB;BALANGAN;6311;11
KALIMANTAN SELATAN;63;KODE_KAB;BANJARMASIN;6371;71
KALIMANTAN SELATAN;63;KODE_KAB;BANJAR BARU;6372;72
KALIMANTAN TIMUR;64;KODE_KAB;PASER;6401;1
KALIMANTAN TIMUR;64;KODE_KAB;KUTAI BARAT;6402;2
KALIMANTAN TIMUR;64;KODE_KAB;KUTAI KARTANEGARA;6403;3
KALIMANTAN TIMUR;64;KODE_KAB;KUTAI TIMUR;6404;4
KALIMANTAN TIMUR;64;KODE_KAB;BERAU;6405;5
KALIMANTAN TIMUR;64;KODE_KAB;PENAJAM PASER UTARA;6409;9
KALIMANTAN TIMUR;64;KODE_KAB;MAHAKAM HULU;6411;11
KALIMANTAN TIMUR;64;KODE_KAB;BALIKPAPAN;6471;71
KALIMANTAN TIMUR;64;KODE_KAB;SAMARINDA;6472;72
KALIMANTAN TIMUR;64;KODE_KAB;BONTANG;6474;74
KALIMANTAN UTARA;65;KODE_KAB;MALINAU;6501;1
KALIMANTAN UTARA;65;KODE_KAB;BULUNGAN;6502;2
KALIMANTAN UTARA;65;KODE_KAB;TANA TIDUNG;6503;3
KALIMANTAN UTARA;65;KODE_KAB;NUNUKAN;6504;4
KALIMANTAN UTARA;65;KODE_KAB;TARAKAN;6571;71
SULAWESI UTARA;71;KODE_KAB;BOLAANG MONGONDOW;7101;1
SULAWESI UTARA;71;KODE_KAB;MINAHASA;7102;2
SULAWESI UTARA;71;KODE_KAB;KEPULAUAN SANGIHE;7103;3
SULAWESI UTARA;71;KODE_KAB;KEPULAUAN TALAUD;7104;4
SULAWESI UTARA;71;KODE_KAB;MINAHASA SELATAN;7105;5
SULAWESI UTARA;71;KODE_KAB;MINAHASA UTARA;7106;6
SULAWESI UTARA;71;KODE_KAB;BOLAANG MONGONDOW UTARA;7107;7
SULAWESI UTARA;71;KODE_KAB;SIAU TAGULANDANG BIARO;7108;8
SULAWESI UTARA;71;KODE_KAB;MINAHASA TENGGARA;7109;9
SULAWESI UTARA;71;KODE_KAB;BOLAANG MONGONDOW SELATAN;7110;10
SULAWESI UTARA;71;KODE_KAB;BOLAANG MONGONDOW TIMUR;7111;11
SULAWESI UTARA;71;KODE_KAB;MANADO;7171;71
SULAWESI UTARA;71;KODE_KAB;BITUNG;7172;72
SULAWESI UTARA;71;KODE_KAB;TOMOHON;7173;73
SULAWESI UTARA;71;KODE_KAB;KOTAMOBAGU;7174;74
SULAWESI TENGAH;72;KODE_KAB;BANGGAI KEPULAUAN;7201;1
SULAWESI TENGAH;72;KODE_KAB;BANGGAI;7202;2
SULAWESI TENGAH;72;KODE_KAB;MOROWALI;7203;3
SULAWESI TENGAH;72;KODE_KAB;POSO;7204;4
SULAWESI TENGAH;72;KODE_KAB;DONGGALA;7205;5
SULAWESI TENGAH;72;KODE_KAB;TOLI-TOLI;7206;6
SULAWESI TENGAH;72;KODE_KAB;BUOL;7207;7
SULAWESI TENGAH;72;KODE_KAB;PARIGI MOUTONG;7208;8
SULAWESI TENGAH;72;KODE_KAB;TOJO UNA-UNA;7209;9
SULAWESI TENGAH;72;KODE_KAB;SIGI;7210;10
SULAWESI TENGAH;72;KODE_KAB;BANGGAI LAUT;7211;11
SULAWESI TENGAH;72;KODE_KAB;MOROWALI UTARA;7212;12
SULAWESI TENGAH;72;KODE_KAB;PALU;7271;71
SULAWESI SELATAN;73;KODE_KAB;KEPULAUAN SELAYAR;7301;1
SULAWESI SELATAN;73;KODE_KAB;BULUKUMBA;7302;2
SULAWESI SELATAN;73;KODE_KAB;BANTAENG;7303;3
SULAWESI SELATAN;73;KODE_KAB;JENEPONTO;7304;4
SULAWESI SELATAN;73;KODE_KAB;TAKALAR;7305;5
SULAWESI SELATAN;73;KODE_KAB;GOWA;7306;6
SULAWESI SELATAN;73;KODE_KAB;SINJAI;7307;7
SULAWESI SELATAN;73;KODE_KAB;MAROS;7308;8
SULAWESI SELATAN;73;KODE_KAB;PANGKAJENE DAN KEPULAUAN;7309;9
SULAWESI SELATAN;73;KODE_KAB;BARRU;7310;10
SULAWESI SELATAN;73;KODE_KAB;BONE;7311;11
SULAWESI SELATAN;73;KODE_KAB;SOPPENG;7312;12
SULAWESI SELATAN;73;KODE_KAB;WAJO;7313;13
SULAWESI SELATAN;73;KODE_KAB;SIDENRENG RAPPANG;7314;14
SULAWESI SELATAN;73;KODE_KAB;PINRANG;7315;15
SULAWESI SELATAN;73;KODE_KAB;ENREKANG;7316;16
SULAWESI SELATAN;73;KODE_KAB;LUWU;7317;17
SULAWESI SELATAN;73;KODE_KAB;TANA TORAJA;7318;18
SULAWESI SELATAN;73;KODE_KAB;LUWU UTARA;7322;22
SULAWESI SELATAN;73;KODE_KAB;LUWU TIMUR;7325;25
SULAWESI SELATAN;73;KODE_KAB;TORAJA UTARA;7326;26
SULAWESI SELATAN;73;KODE_KAB;MAKASSAR;7371;71
SULAWESI SELATAN;73;KODE_KAB;PAREPARE;7372;72
SULAWESI SELATAN;73;KODE_KAB;PALOPO;7373;73
SULAWESI TENGGARA;74;KODE_KAB;BUTON;7401;1
SULAWESI TENGGARA;74;KODE_KAB;MUNA;7402;2
SULAWESI TENGGARA;74;KODE_KAB;KONAWE;7403;3
SULAWESI TENGGARA;74;KODE_KAB;KOLAKA;7404;4
SULAWESI TENGGARA;74;KODE_KAB;KONAWE SELATAN;7405;5
SULAWESI TENGGARA;74;KODE_KAB;BOMBANA;7406;6
SULAWESI TENGGARA;74;KODE_KAB;WAKATOBI;7407;7
SULAWESI TENGGARA;74;KODE_KAB;KOLAKA UTARA;7408;8
SULAWESI TENGGARA;74;KODE_KAB;BUTON UTARA;7409;9
SULAWESI TENGGARA;74;KODE_KAB;KONAWE UTARA;7410;10
SULAWESI TENGGARA;74;KODE_KAB;KOLAKA TIMUR;7411;11
SULAWESI TENGGARA;74;KODE_KAB;KONAWE KEPULAUAN;7412;12
SULAWESI TENGGARA;74;KODE_KAB;MUNA BARAT;7413;13
SULAWESI TENGGARA;74;KODE_KAB;BUTON TENGAH;7414;14
SULAWESI TENGGARA;74;KODE_KAB;BUTON SELATAN;7415;15
SULAWESI TENGGARA;74;KODE_KAB;KENDARI;7471;71
SULAWESI TENGGARA;74;KODE_KAB;BAUBAU;7472;72
GORONTALO;75;KODE_KAB;BOALEMO;7501;1
GORONTALO;75;KODE_KAB;GORONTALO;7502;2
GORONTALO;75;KODE_KAB;POHUWATO;7503;3
GORONTALO;75;KODE_KAB;BONE BOLANGO;7504;4
GORONTALO;75;KODE_KAB;GORONTALO UTARA;7505;5
GORONTALO;75;KODE_KAB;GORONTALO;7571;71
SULAWESI BARAT;76;KODE_KAB;MAJENE;7601;1
SULAWESI BARAT;76;KODE_KAB;POLEWALI MANDAR;7602;2
SULAWESI BARAT;76;KODE_KAB;MAMASA;7603;3
SULAWESI BARAT;76;KODE_KAB;MAMUJU;7604;4
SULAWESI BARAT;76;KODE_KAB;PASANGKAYU;7605;5
SULAWESI BARAT;76;KODE_KAB;MAMUJU TENGAH;7606;6
MALUKU;81;KODE_KAB;MALUKU TENGGARA BARAT;8101;1
MALUKU;81;KODE_KAB;MALUKU TENGGARA;8102;2
MALUKU;81;KODE_KAB;MALUKU TENGAH;8103;3
MALUKU;81;KODE_KAB;BURU;8104;4
MALUKU;81;KODE_KAB;KEPULAUAN ARU;8105;5
MALUKU;81;KODE_KAB;SERAM BAGIAN BARAT;8106;6
MALUKU;81;KODE_KAB;SERAM BAGIAN TIMUR;8107;7
MALUKU;81;KODE_KAB;MALUKU BARAT DAYA;8108;8
MALUKU;81;KODE_KAB;BURU SELATAN;8109;9
MALUKU;81;KODE_KAB;AMBON;8171;71
MALUKU;81;KODE_KAB;TUAL;8172;72
MALUKU UTARA;82;KODE_KAB;HALMAHERA BARAT;8201;1
MALUKU UTARA;82;KODE_KAB;HALMAHERA TENGAH;8202;2
MALUKU UTARA;82;KODE_KAB;KEPULAUAN SULA;8203;3
MALUKU UTARA;82;KODE_KAB;HALMAHERA SELATAN;8204;4
MALUKU UTARA;82;KODE_KAB;HALMAHERA UTARA;8205;5
MALUKU UTARA;82;KODE_KAB;HALMAHERA TIMUR;8206;6
MALUKU UTARA;82;KODE_KAB;PULAU MOROTAI;8207;7
MALUKU UTARA;82;KODE_KAB;PULAU TALIABU;8208;8
MALUKU UTARA;82;KODE_KAB;TERNATE;8271;71
MALUKU UTARA;82;KODE_KAB;TIDORE KEPULAUAN;8272;72
PAPUA BARAT;91;KODE_KAB;FAKFAK;9101;1
PAPUA BARAT;91;KODE_KAB;KAIMANA;9102;2
PAPUA BARAT;91;KODE_KAB;TELUK WONDAMA;9103;3
PAPUA BARAT;91;KODE_KAB;TELUK BINTUNI;9104;4
PAPUA BARAT;91;KODE_KAB;MANOKWARI;9105;5
PAPUA BARAT;91;KODE_KAB;SORONG SELATAN;9106;6
PAPUA BARAT;91;KODE_KAB;SORONG;9107;7
PAPUA BARAT;91;KODE_KAB;RAJA AMPAT;9108;8
PAPUA BARAT;91;KODE_KAB;TAMBRAUW;9109;9
PAPUA BARAT;91;KODE_KAB;MAYBRAT;9110;10
PAPUA BARAT;91;KODE_KAB;MANOKWARI SELATAN;9111;11
PAPUA BARAT;91;KODE_KAB;PEGUNUNGAN ARFAK;9112;12
PAPUA BARAT;91;KODE_KAB;SORONG;9171;71
PAPUA;94;KODE_KAB;MERAUKE;9401;1
PAPUA;94;KODE_KAB;JAYAWIJAYA;9402;2
PAPUA;94;KODE_KAB;JAYAPURA;9403;3
PAPUA;94;KODE_KAB;NABIRE;9404;4
PAPUA;94;KODE_KAB;KEPULAUAN YAPEN;9408;8
PAPUA;94;KODE_KAB;BIAK NUMFOR;9409;9
PAPUA;94;KODE_KAB;PANIAI;9410;10
PAPUA;94;KODE_KAB;PUNCAK JAYA;9411;11
PAPUA;94;KODE_KAB;MIMIKA;9412;12
PAPUA;94;KODE_KAB;BOVEN DIGOEL;9413;13
PAPUA;94;KODE_KAB;MAPPI;9414;14
PAPUA;94;KODE_KAB;ASMAT;9415;15
PAPUA;94;KODE_KAB;YAHUKIMO;9416;16
PAPUA;94;KODE_KAB;PEGUNUNGAN BINTANG;9417;17
PAPUA;94;KODE_KAB;TOLIKARA;9418;18
PAPUA;94;KODE_KAB;SARMI;9419;19
PAPUA;94;KODE_KAB;KEEROM;9420;20
PAPUA;94;KODE_KAB;WAROPEN;9426;26
PAPUA;94;KODE_KAB;SUPIORI;9427;27
PAPUA;94;KODE_KAB;MAMBERAMO RAYA;9428;28
PAPUA;94;KODE_KAB;NDUGA;9429;29
PAPUA;94;KODE_KAB;LANNY JAYA;9430;30
PAPUA;94;KODE_KAB;MAMBERAMO TENGAH;9431;31
PAPUA;94;KODE_KAB;YALIMO;9432;32
PAPUA;94;KODE_KAB;PUNCAK;9433;33
PAPUA;94;KODE_KAB;DOGIYAI;9434;34
PAPUA;94;KODE_KAB;INTAN JAYA;9435;35
PAPUA;94;KODE_KAB;DEIYAI;9436;36
PAPUA;94;KODE_KAB;JAYAPURA;9471;71
